﻿<?xml version="1.0" encoding="utf-8" standalone="no"?>
<manifest identifier="SaveTheDay01142020" version="1.3" xmlns="http://www.imsglobal.org/xsd/imscp_v1p1" xmlns:xsi="http://www.w3.org/2001/XMLSchema-instance" xmlns:adlcp="http://www.adlnet.org/xsd/adlcp_v1p3" xmlns:adlseq="http://www.adlnet.org/xsd/adlseq_v1p3" xmlns:adlnav="http://www.adlnet.org/xsd/adlnav_v1p3" xmlns:imsss="http://www.imsglobal.org/xsd/imsss" xsi:schemaLocation="http://www.imsglobal.org/xsd/imscp_v1p1 imscp_v1p1.xsd
                              http://www.adlnet.org/xsd/adlcp_v1p3 adlcp_v1p3.xsd
                              http://www.adlnet.org/xsd/adlseq_v1p3 adlseq_v1p3.xsd
                              http://www.adlnet.org/xsd/adlnav_v1p3 adlnav_v1p3.xsd
                              http://www.imsglobal.org/xsd/imsss imsss_v1p0.xsd">
  <metadata>
    <schema>ADL SCORM</schema>
    <schemaversion>2004 3rd Edition</schemaversion>
    <adlcp:location>metadata.xml</adlcp:location>
  </metadata>
  <organizations default="Save_the_Day._Be_a_Low_Cost_Champion_ORG">
    <organization identifier="Save_the_Day._Be_a_Low_Cost_Champion_ORG" adlseq:objectivesGlobalToSystem="false">
      <title>Save the Day. Be a Low Cost Champion</title>
      <item identifier="Spend_Accountability_SCO" identifierref="_SaveTheDay01142020_RES" isvisible="true">
        <title>Save the Day. Be a Low Cost Champion</title>
      </item>
      <metadata>
        <adlcp:location>metadata.xml</adlcp:location>
      </metadata>
      <imsss:sequencing>
        <imsss:controlMode choice="true" flow="true" />
        <imsss:deliveryControls tracked="true" completionSetByContent="false" objectiveSetByContent="false" />
      </imsss:sequencing>
    </organization>
  </organizations>
  <resources>
    <resource identifier="_SaveTheDay01142020_RES" type="webcontent" adlcp:scormType="sco" href="index_lms.html">
      <file href="story_content/thumbnail.jpg" />
      <file href="story_content/6TLynrp6bZ1_44100_48_0.mp3" />
      <file href="story_content/6HCIWiq9LWS_captions.js" />
      <file href="story_content/5k5LqTGKrd8_44100_48_0.mp3" />
      <file href="story_content/652NV0EEW7c_captions.js" />
      <file href="story_content/5oHffJnZpRl_44100_48_0.mp3" />
      <file href="story_content/5nQsMAVKTQm_captions.js" />
      <file href="mobile/5v8OaXuIluE_80_DX558_DY558_CX173_CY231.png" />
      <file href="story_content/69rRHMwepaJ_44100_48_0.mp3" />
      <file href="story_content/6ag5ppeijNC_captions.js" />
      <file href="mobile/5lmScbhyVXc_80_DX390_DY390_CX55_CY116.png" />
      <file href="mobile/6QcXC8m05Hq_80_DX1130_DY1130_CX57_CY132.png" />
      <file href="mobile/6HIbBabV93r_80_DX1996_DY1996_CX998_CY344.png" />
      <file href="mobile/6oH7cHHMtNm_80_P_0_0_890_565_DX734_DY734_CX491_CY312.png" />
      <file href="mobile/6Urr43XnzBb_80_P_0_111_501_313_DX752_DY752_CX491_CY308.png" />
      <file href="mobile/6itD7W1u82t_80_P_0_0_892_565_DX732_DY732_CX491_CY311.jpg" />
      <file href="mobile/5xoKTnCnWXV_X_80_DX224_DY224_CX97_CY32.png" />
      <file href="mobile/6fqtzzOu8BG_80_DX254_DY254_CX75_CY190.png" />
      <file href="mobile/6bfzgPLUtN9_80_DX374_DY374_CX102_CY280.png" />
      <file href="mobile/5Z5clLJA7gi_80_DX1130_DY1130_CX74_CY218.png" />
      <file href="mobile/6aICQLfyG6A_80_DX330_DY330_CX106_CY245.png" />
      <file href="mobile/6NG633BhX9d_80_DX414_DY414_CX94_CY310.png" />
      <file href="mobile/5koHkiX7hnK_80_DX1004_DY1004_CX82_CY210.png" />
      <file href="mobile/5lmScbhyVXc_80_DX390_DY390_CX138_CY292.png" />
      <file href="mobile/6QcXC8m05Hq_80_DX1130_DY1130_CX153_CY355.png" />
      <file href="mobile/6ieoghTyjzl_80_DX1130_DY1130_CX130_CY301.png" />
      <file href="story_content/6CA0cbqAeLt_44100_48_0.mp3" />
      <file href="story_content/5iUKvZrGwTI_captions.js" />
      <file href="mobile/612hVmfsgKv_80_DX504_DY504_CX376_CY118.png" />
      <file href="mobile/5rCYHrKmMfN_80_DX1896_DY1896_CX1426_CY849.png" />
      <file href="mobile/5lmScbhyVXc_80_DX390_DY390_CX54_CY115.png" />
      <file href="story_content/6HCDYzzjL8j_44100_48_0.mp3" />
      <file href="story_content/6AHKYzZmCAz_captions.js" />
      <file href="mobile/6TdA0UQaK0C_80_DX1900_DY1900_CX950_CY566.png" />
      <file href="mobile/6O1vZW9m1li_80_P_159_18_1872_1140_DX1728_DY1728_CX1187_CY723.png" />
      <file href="story_content/6XNUXEj02P2_44100_48_0.mp3" />
      <file href="story_content/6IrQDZyfwvA_captions.js" />
      <file href="mobile/5rG6CTuBDVM_80_P_0_0_1000_556_DX2000_DY2000_CX1000_CY556.png" />
      <file href="mobile/5xjBbB7EILq_80_DX910_DY910_CX207_CY682.png" />
      <file href="mobile/6LIqiN81TNA_80_DX940_DY940_CX303_CY702.png" />
      <file href="story_content/6Qqzej4EUe8_44100_48_0.mp3" />
      <file href="story_content/6gvPHuqo2Nw_captions.js" />
      <file href="story_content/6SrzEZrcZQD_44100_48_0.mp3" />
      <file href="story_content/66llAIKEzWR_captions.js" />
      <file href="mobile/6XvBVLGuhZa_80_DX890_DY890_CX668_CY664.png" />
      <file href="story_content/6HRKa9aTrTA_44100_48_0.mp3" />
      <file href="story_content/60bC7DIjkHg_captions.js" />
      <file href="story_content/682uepuX28u_44100_48_0.mp3" />
      <file href="story_content/5ordoniNS0r_captions.js" />
      <file href="mobile/6FwowltWZnZ_80_DX890_DY890_CX668_CY467.png" />
      <file href="mobile/62g2WsnibD8_80_DX1032_DY1032_CX497_CY757.png" />
      <file href="mobile/5e8ML06wsOt_80_DX618_DY618_CX464_CY455.png" />
      <file href="mobile/6eJOTpv8FOq_80_DX876_DY876_CX499_CY658.png" />
      <file href="story_content/6YnaXISW6HH_44100_48_0.mp3" />
      <file href="story_content/6izXnP2epdR_captions.js" />
      <file href="mobile/6rglcahRlmv_80_P_0_0_1000_346_DX2000_DY2000_CX699_CY242.png" />
      <file href="mobile/6rglcahRlmv_80_P_0_0_692_346_DX2000_DY2000_CX484_CY242.png" />
      <file href="mobile/6rglcahRlmv_80_P_233_0_458_346_DX2000_DY2000_CX321_CY242.png" />
      <file href="mobile/6a5kWpwh1qq_80_DX882_DY882_CX539_CY237.png" />
      <file href="mobile/6q676bUsDPG_80_P_0_13_991_552_DX2002_DY2002_CX991_CY552.png" />
      <file href="story_content/5eDZOcnwUey_44100_48_0.mp3" />
      <file href="story_content/6EL5b2grHtE_44100_48_0.mp3" />
      <file href="story_content/5svGmnwAuT3_6G5N6DHYWfi.png" />
      <file href="mobile/6rglcahRlmv_80_P_0_0_1000_346_DX2000_DY2000_CX1000_CY346.png" />
      <file href="mobile/6a5kWpwh1qq_80_DX884_DY884_CX662_CY291.png" />
      <file href="mobile/5xoKTnCnWXV_80_DX224_DY224_CX168_CY56.png" />
      <file href="story_content/5fwZzKXmoEf_44100_48_0.mp3" />
      <file href="story_content/6XWnamANezX_44100_48_0.mp3" />
      <file href="mobile/6TnSeAh6Vnh_80_DX340_DY340_CX170_CY112.png" />
      <file href="mobile/6BGOnII9hlE_80_DX368_DY368_CX184_CY117.png" />
      <file href="mobile/5rd1924Z9B5_80_DX190_DY190_CX95_CY63.png" />
      <file href="mobile/6Wks8Ichu4i_80_DX104_DY104_CX52_CY35.png" />
      <file href="mobile/6rglcahRlmv_80_P_620_0_379_282_DX2000_DY2000_CX379_CY283.png" />
      <file href="story_content/6rQxZtxXQv9_44100_48_0.mp3" />
      <file href="story_content/6PCjcfiuig6_captions.js" />
      <file href="mobile/5lBsFuUq9cs_80_DX1650_DY1650_CX870_CY465.png" />
      <file href="story_content/5gRw5EeLPCp_44100_48_0.mp3" />
      <file href="story_content/5rSVPGkrFRH_captions.js" />
      <file href="story_content/6hCuGORNmvv_44100_48_0.mp3" />
      <file href="story_content/6oP6iAg5BkY_captions.js" />
      <file href="mobile/6LVjMS8cD9Q_80_DX882_DY882_CX346_CY663.png" />
      <file href="story_content/5oJtnMKs9ra_44100_48_0.mp3" />
      <file href="story_content/67KJnQcwakU_captions.js" />
      <file href="story_content/5aKLXJaxzcJ_44100_48_0.mp3" />
      <file href="story_content/6WrxGNCpFvD_captions.js" />
      <file href="mobile/5Z5clLJA7gi_80_DX1130_DY1130_CX255_CY748.png" />
      <file href="story_content/6OZRNvg2z8b_44100_48_0.mp3" />
      <file href="story_content/6CmxGCyLgCK_captions.js" />
      <file href="mobile/6j8GjdRAAzj_80_RFFC000_DX140_DY140_CX104_CY73.png" />
      <file href="mobile/5v8OaXuIluE_80_DX558_DY558_CX209_CY279.png" />
      <file href="mobile/6rglcahRlmv_80_P_0_297_692_48_DX2000_DY2000_CX485_CY34.png" />
      <file href="mobile/6ieoghTyjzl_80_DX1130_DY1130_CX324_CY750.png" />
      <file href="story_content/5mNAQNKhsQZ_44100_48_0.mp3" />
      <file href="story_content/6LOjXWVWSHq_captions.js" />
      <file href="story_content/64O98hFH1nD_44100_48_0.mp3" />
      <file href="story_content/6QkeXitkUPa_captions.js" />
      <file href="story_content/6pt1l7kIplu_44100_48_0.mp3" />
      <file href="story_content/5rt4goUjfJk_captions.js" />
      <file href="story_content/6jpN5vkQvwB_5pVftOH09Cl.png" />
      <file href="mobile/5nEP9kT486w_80_DX1862_DY1862_CX931_CY526.png" />
      <file href="mobile/6gXRzkktR5S_80_DX340_DY340_CX153_CY170.png" />
      <file href="mobile/6rOGXwnqIBh_80_DX320_DY320_CX122_CY160.png" />
      <file href="mobile/6YmwZs7hhMU_80_DX264_DY264_CX150_CY197.png" />
      <file href="story_content/5UiEhipzg61_44100_48_0.mp3" />
      <file href="story_content/6ifUiZ9ieXc_captions.js" />
      <file href="story_content/6O7pRstL2lP_44100_48_0.mp3" />
      <file href="story_content/5hmzlw0YjRb_captions.js" />
      <file href="mobile/5jBsMh44zGo_80_DX284_DY284_CX108_CY142.png" />
      <file href="mobile/6KaD3BnsAfj_80_DX200_DY200_CX150_CY127.png" />
      <file href="mobile/5oibkwW6DXK_80_DX1862_DY1862_CX931_CY526.png" />
      <file href="mobile/6M5llMn5dkv_80_DX280_DY280_CX72_CY140.png" />
      <file href="mobile/6CollwLzpjd_80_DX342_DY342_CX168_CY171.png" />
      <file href="story_content/zoomIcon.png" />
      <file href="mobile/5mbJ2edVmE2_80_DX512_DY675_CX512_CY675.png" />
      <file href="mobile/6kIQ4O8lmBo_80_DX2010_DY2010_CX1007_CY566.png" />
      <file href="story_content/5czPFaw2NPQ_44100_48_0.mp3" />
      <file href="story_content/5WlnFoQM3an_captions.js" />
      <file href="story_content/5g2EnlpcVFE_44100_48_0.mp3" />
      <file href="story_content/5Yj2wIJtMXO_captions.js" />
      <file href="story_content/6Q7DoSsZugu_44100_48_0.mp3" />
      <file href="story_content/62POD6jLMe7_captions.js" />
      <file href="mobile/5mbJ2edVmE2_80_DX1050_DY1050_CX598_CY789.png" />
      <file href="story_content/66mxKlP3Sws_44100_48_0.mp3" />
      <file href="story_content/6ZNE0yiOJQS_captions.js" />
      <file href="mobile/5n5Q1ODXsUa_80_DX2010_DY2010_CX1007_CY566.png" />
      <file href="mobile/6bSP9Iwx6Ji_80_DX102_DY102_CX51_CY32.png" />
      <file href="mobile/5xBmPi6PtmK_80_DX1806_DY1806_CX903_CY513.jpg" />
      <file href="mobile/5gdE5DkLly3_80_DX1050_DY1050_CX598_CY788.png" />
      <file href="story_content/5alFg39or28_44100_48_0.mp3" />
      <file href="story_content/69LSaEy4IGg_captions.js" />
      <file href="story_content/5kxqtwI0Oag_44100_48_0.mp3" />
      <file href="story_content/6AsaKfEzx3J_captions.js" />
      <file href="story_content/6gnZR50LGY0_44100_48_0.mp3" />
      <file href="story_content/61AYVZBClBj_captions.js" />
      <file href="story_content/6ME16tJnXZ0_44100_48_0.mp3" />
      <file href="story_content/6h7ZGHbWse4_captions.js" />
      <file href="mobile/6Xr0m4xEeJK_80_DX1006_DY1006_CX321_CY677.png" />
      <file href="mobile/5koHkiX7hnK_80_DX1006_DY1006_CX200_CY513.png" />
      <file href="story_content/6e6byJhsH3R_44100_48_0.mp3" />
      <file href="story_content/5f9btQUnZ1H_captions.js" />
      <file href="mobile/6HIbBabV93r_80_P_0_7_998_336_DX1996_DY1996_CX998_CY336.png" />
      <file href="mobile/5iQLxuCahb6_80_DX2000_DY2000_CX1504_CY851.png" />
      <file href="story_content/69y9ilH0ebQ_44100_48_0.mp3" />
      <file href="story_content/6pRVLJTmRQw_captions.js" />
      <file href="mobile/6q676bUsDPG_80_P_377_13_306_513_DX2002_DY2002_CX307_CY513.png" />
      <file href="mobile/6TdA0UQaK0C_80_P_457_0_296_508_DX1900_DY1900_CX297_CY508.png" />
      <file href="mobile/5n5Q1ODXsUa_80_P_598_0_334_566_DX2010_DY2010_CX335_CY566.png" />
      <file href="story_content/6monKoqXJOC_44100_48_0.mp3" />
      <file href="story_content/6Q4XE4FqFkd_captions.js" />
      <file href="story_content/5YCm8CBAWnr_44100_48_0.mp3" />
      <file href="story_content/5pmL3hkNdbN_captions.js" />
      <file href="story_content/5vT0GTRbezB_44100_48_0.mp3" />
      <file href="story_content/5UvD9a5DTlt_captions.js" />
      <file href="mobile/5aiykHCRM04_80_P_0_0_5731_3238_DX2550_DY2550_CX1508_CY852.png" />
      <file href="mobile/5rFkc4en2uP_80_DX1052_DY1052_CX399_CY526.png" />
      <file href="mobile/6FsjG1wYHWJ_80_DX1052_DY1052_CX600_CY791.png" />
      <file href="story_content/6TYFqtM52Q1_44100_48_0.mp3" />
      <file href="story_content/6CEpZDUgIg9_captions.js" />
      <file href="story_content/5w5mvseMvtW_44100_48_0.mp3" />
      <file href="story_content/5WFtKBBHay0_captions.js" />
      <file href="mobile/5xoKTnCnWXV_X_80_DX224_DY224_CX103_CY34.png" />
      <file href="mobile/6RVpFUjlCTl_80_DX1102_DY1102_CX570_CY418.png" />
      <file href="story_content/6ojmUsphg5z_44100_48_0.mp3" />
      <file href="story_content/5mL61nms5Io_captions.js" />
      <file href="story_content/6PoghZhjjBQ_44100_48_0.mp3" />
      <file href="story_content/5btCVrXWawP_captions.js" />
      <file href="mobile/5Z5clLJA7gi_80_DX1130_DY1130_CX168_CY493.png" />
      <file href="mobile/6fBMaD7kEds_80_DX656_DY656_CX192_CY493.png" />
      <file href="mobile/5kztznHluBs_80_DX656_DY656_CX139_CY455.png" />
      <file href="story_content/6ZG6PS0oe8T_44100_48_0.mp3" />
      <file href="story_content/5gnvazGsXPZ_captions.js" />
      <file href="story_content/67wxoGMg962_44100_48_0.mp3" />
      <file href="mobile/6PwReueqGiG_80_DX458_DY458_CX342_CY94.png" />
      <file href="mobile/6EtVvKTYqjj_80_DX538_DY538_CX398_CY94.png" />
      <file href="mobile/6ihaXVR9rcm_80_DX494_DY494_CX368_CY94.png" />
      <file href="mobile/5sS8BcSWMzc_80_DX916_DY916_CX664_CY688.png" />
      <file href="mobile/6icozqXlgZy_80_DX312_DY312_CX187_CY234.png" />
      <file href="mobile/5q4w9417e7K_80_DX314_DY314_CX188_CY235.png" />
      <file href="mobile/6eKJAQkATAk_80_DX314_DY314_CX188_CY235.png" />
      <file href="story_content/5o5pa1CvFTt_captions.js" />
      <file href="story_content/5qjiAiWlXPa_44100_48_0.mp3" />
      <file href="story_content/5u2xHW80R3a_captions.js" />
      <file href="story_content/5hGcjvdp8hy_captions.js" />
      <file href="mobile/6gox4KM1RGA_80_DX850_DY850_CX222_CY425.png" />
      <file href="story_content/5opQv32NFzA_5pVftOH09Cl.png" />
      <file href="story_content/6eKyikXyuIy_captions.js" />
      <file href="story_content/6mSSk54Ov4W_captions.js" />
      <file href="story_content/6QOMB8l2zul_44100_48_0.mp3" />
      <file href="story_content/6WnKHi3CbFv_captions.js" />
      <file href="story_content/6S9rChi6JEE_captions.js" />
      <file href="story_content/6BffTC9s0pV_captions.js" />
      <file href="story_content/6qjTTZJfexs_captions.js" />
      <file href="mobile/5p2lXikTxNw_80_P_0_0_1000_566_DX2000_DY2000_CX1000_CY567.png" />
      <file href="story_content/5z7oExfWQdi_captions.js" />
      <file href="story_content/5b7BgQ914HP_captions.js" />
      <file href="mobile/5ZzWwu88Lh0_80_DX214_DY214_CX160_CY24.png" />
      <file href="meta.xml" />
      <file href="story_content/5xCHjEgtnLw.png" />
      <file href="story_content/user.js" />
      <file href="story_content/external_files/AccountabilityLifeCycle.png" />
      <file href="mobile/Shape6InDM5jJ2Jq.png" />
      <file href="mobile/Shape6AtrioJgJj5.png" />
      <file href="mobile/Shape5Z8AJ0vymp1.png" />
      <file href="mobile/Shape6oyo80HyqP1.png" />
      <file href="mobile/Shape5nqOvfxj90m.png" />
      <file href="mobile/txt__default_60GcpZuWhk0.png" />
      <file href="mobile/txt__default_5t2ayKHYRTP.png" />
      <file href="mobile/txt__default_6BSfFBSrzpV.png" />
      <file href="mobile/Shape6BDX6F3kEJ9.jpg" />
      <file href="mobile/Shape5nGQUXg2HNF.jpg" />
      <file href="mobile/txt__default_6bYcbld5I4i.png" />
      <file href="mobile/txt__default_5klLFf60YVN.png" />
      <file href="mobile/txt__default_6lnLjpPoczj.png" />
      <file href="mobile/txt__default_6LiMshqoovK.png" />
      <file href="html5/data/css/output.min.css" />
      <file href="html5/data/js/5bX3FUCbj6f.js" />
      <file href="html5/data/js/5cFOi1L6Kgh.js" />
      <file href="html5/data/js/5dYYcFXwMBI.js" />
      <file href="html5/data/js/5hNJo8kgc0m.js" />
      <file href="html5/data/js/5l8kGIp886q.js" />
      <file href="html5/data/js/5lmoqBUSuXg.js" />
      <file href="html5/data/js/5mNKucqPHSw.js" />
      <file href="html5/data/js/5opQv32NFzA.js" />
      <file href="html5/data/js/5svGmnwAuT3.js" />
      <file href="html5/data/js/5tcqXBxJQUw.js" />
      <file href="html5/data/js/5usQXoAnV80.js" />
      <file href="html5/data/js/5VXmjvAxp9q.js" />
      <file href="html5/data/js/5WjM2ZTP5y3.js" />
      <file href="html5/data/js/5wwAj71eRyK.js" />
      <file href="html5/data/js/5YBz21jPjSt.js" />
      <file href="html5/data/js/5yD9PbBXog1.js" />
      <file href="html5/data/js/5ZdGIP27n5w.js" />
      <file href="html5/data/js/6028F2dGDb4.js" />
      <file href="html5/data/js/60j2rboNqpM.js" />
      <file href="html5/data/js/63y1K9dV2sS.js" />
      <file href="html5/data/js/64yUQ2ztAvH.js" />
      <file href="html5/data/js/65PJSISt2k0.js" />
      <file href="html5/data/js/65uUtnFPKDT.js" />
      <file href="html5/data/js/65Y2NllN2uo.js" />
      <file href="html5/data/js/67qVpkT4HHC.js" />
      <file href="html5/data/js/6AdHhopF32h.js" />
      <file href="html5/data/js/6CYWFq0TLV7.js" />
      <file href="html5/data/js/6D024HTaNap.js" />
      <file href="html5/data/js/6D0ejjPTAKo.js" />
      <file href="html5/data/js/6DczyH6wwQj.js" />
      <file href="html5/data/js/6E28c4CeHv6.js" />
      <file href="html5/data/js/6ftXBr04gOV.js" />
      <file href="html5/data/js/6HnVQ6Z5YUQ.js" />
      <file href="html5/data/js/6hqMU8XeQz1.js" />
      <file href="html5/data/js/6IhDk4a4mcF.js" />
      <file href="html5/data/js/6jpN5vkQvwB.js" />
      <file href="html5/data/js/6jvxEkLoxDD.js" />
      <file href="html5/data/js/6p4o1puIdbt.js" />
      <file href="html5/data/js/6qR4XUk3kDa.js" />
      <file href="html5/data/js/6r6Kiz9RWbb.js" />
      <file href="html5/data/js/6RKjXEUdnSm.js" />
      <file href="html5/data/js/6RWdEI7hPXP.js" />
      <file href="html5/data/js/6SfLqhy8CBS.js" />
      <file href="html5/data/js/6SVQIHdS5SN.js" />
      <file href="html5/data/js/6VUEzJ1Jw2g.js" />
      <file href="html5/data/js/6X8aQwVoc2S.js" />
      <file href="html5/data/js/6ZWPIcu0cyp.js" />
      <file href="html5/data/js/data.js" />
      <file href="html5/data/js/frame.js" />
      <file href="html5/data/js/paths.js" />
      <file href="html5/lib/scripts/bootstrapper.min.js" />
      <file href="html5/lib/scripts/frame.desktop.min.js" />
      <file href="html5/lib/scripts/frame.mobile.min.js" />
      <file href="html5/lib/scripts/slides.min.js" />
      <file href="html5/lib/stylesheets/desktop.min.css" />
      <file href="html5/lib/stylesheets/mobile.min.css" />
      <file href="html5/lib/stylesheets/mobile-fonts/open-sans-bold.woff" />
      <file href="html5/lib/stylesheets/mobile-fonts/open-sans-light.woff" />
      <file href="html5/lib/stylesheets/mobile-fonts/open-sans-regular.woff" />
      <file href="analytics-frame.html" />
      <file href="story.html" />
      <file href="index_lms.html" />
      <file href="lms/AICCComm.html" />
      <file href="lms/blank.html" />
      <file href="lms/browsersniff.js" />
      <file href="lms/goodbye.html" />
      <file href="lms/LICENSE.txt" />
      <file href="lms/scormdriver.js" />
    </resource>
  </resources>
</manifest>